NAME;YEAR
16329F1C;2019
16329F1C;2020
3B319F1C;2020
3B319F1C;2021
BC38EB1D;2018
BC38EB1D;2019
BC38EB1D;2020
BD319F1C;2019
BD319F1C;2020
BD319F1C;2021
KISA23;2019
KISA23;2020
KISA23;2021
KISA25;2019
KISA25;2020
KISA25;2021
KISS02;2020
KISS02;2021
KISW01;2019
KISW01;2020
KIWS11;2019
KIWS11;2020
KIWS11;2021
KIWS13;2018
KIWS13;2019
KIWS13;2020
KIWS14;2019
KIWS14;2020
KIWS20;2019
KIWS20;2020
KIWS20;2021
KIWS21;2019
KIWS21;2020
KIWS23;2019
KIWS23;2020
KIWS23;2021
KIWS30;2018
KIWS30;2019
KIWS31;2017
KIWS31;2018
KIWS31;2019
KIWS31;2020
KIWS37;2018
KIWS37;2019
KIWS37;2020
KIWS46;2019
KIWS46;2020
KIWS47;2018
KIWS47;2019
KIWS47;2020
KIWS48;2018
KIWS48;2019
KIWS48;2020
KIWS50;2019
KIWS50;2020
KIWS51;2018
KIWS51;2019
KIWS51;2020
KIWS53;2018
KIWS53;2019
KIWS53;2020
KIWS59;2018
KIWS59;2019
KIWS60;2018
KIWS60;2019
KIWS60;2020
KIWS61;2018
KIWS61;2019
KIWS61;2020
KIWS65;2018
KIWS65;2019
KIWS66;2019
KIWS66;2020
KIWS66;2021
KIWS67;2019
KIWS67;2020
KIWS67;2021
KIWS71;2019
KIWS71;2020
KIWS71;2021
KIWS75;2018
KIWS75;2019
KIWS75;2020
KIWS75;2021
KIWS76;2019
KIWS76;2020
KIWS76;2021
KIWS79;2019
KIWS79;2020
KIWS79;2021
KIWS83;2018
KIWS83;2019
KIWS92;2019
KIWS92;2020
KIWS92;2021
KIWS93;2018
KIWS93;2019
KIWS93;2020
KIWS95;2019
KIWS95;2020
KIWS96;2019
KIWS96;2020
SWIK03;2018
SWIK03;2019
SWIK05;2017
SWIK05;2018
SWIK05;2019
SWIK07;2017
SWIK07;2018
SWIK07;2019
SWIK12;2016
SWIK12;2017
SWIK12;2018
SWIK16;2016
SWIK16;2017
SWIK16;2018
SWIK17;2016
SWIK17;2017
SWIK23;2017
SWIK23;2018
SWIK23;2019
SWIK25;2016
SWIK25;2017
SWIK27;2017
SWIK27;2018
SWIK31;2017
SWIK31;2018
SWIK31;2019
SWIK33;2017
SWIK33;2018
SWIK35;2016
SWIK35;2017
SWIK35;2018
SWIK38;2017
SWIK38;2018
SWIK46;2016
SWIK46;2017
SWIK46;2018
SWIK49;2018
SWIK49;2019
SWIK49;2020
SWIK52;2018
SWIK52;2019
SWIK52;2020
SWIK55;2017
SWIK55;2018
SWIK55;2019
SWIK55;2020
SWIK55;2021
SWIK69;2017
SWIK69;2018
SWIK69;2019
SWIK71;2016
SWIK71;2017
SWIK71;2018
SWIK73;2018
SWIK73;2019
SWIK73;2020
SWIK73;2021
SWIK75;2019
SWIK75;2020
SWIK80;2019
SWIK80;2020
SWIK80;2021
SWIK84;2017
SWIK84;2018
SWIK88;2017
SWIK88;2018
SWIK88;2019
SWIK88;2020
SWIK90;2018
SWIK90;2019
SWIK90;2020
SWIK95;2017
SWIK95;2018
SWIK95;2019
SWIK99;2017
SWIK99;2018
WSIK06;2017
WSIK06;2018
WSIK07;2017
WSIK07;2018
WSIK12;2017
WSIK12;2018
WSIK12;2019
WSIK18;2017
WSIK18;2018
WSIK18;2019
WSIK25;2017
WSIK25;2018
WSIK25;2019
WSIK31;2018
WSIK31;2019
WSIK31;2020
WSIK35;2018
WSIK35;2019
WSIK39;2019
WSIK39;2020
WSIK39;2021
WSIK40;2018
WSIK40;2019
WSIK40;2020
WSIK40;2021
WSIK43;2019
WSIK43;2020
WSIK44;2019
WSIK44;2020
WSIK44;2021
WSIK49;2017
WSIK49;2018
WSIK50;2017
WSIK50;2018
WSIK50;2019
WSIK55;2017
WSIK55;2018
WSIK55;2019
WSIK56;2017
WSIK56;2018
WSIK56;2019
WSIK57;2017
WSIK57;2018
WSIK57;2019
WSIK58;2017
WSIK58;2018
WSIK58;2019
WSIK60;2017
WSIK60;2018
WSIK68;2017
WSIK68;2018
WSIK68;2019
WSIK73;2018
WSIK73;2019
WSIK73;2020
WSIK78;2019
WSIK78;2020
WSIK79;2018
WSIK79;2019
WSIK81;2019
WSIK81;2020
WSIK81;2021
WSIK85;2018
WSIK85;2019
WSIK85;2020
WSIK85;2021
WSIK87;2018
WSIK87;2019
WSIK87;2020
WSIK87;2021
WSIK92;2018
WSIK92;2019
WSIK92;2020
WSIK92;2021
WSIK96;2018
WSIK96;2019
WSIK96;2020
WSIK96;2021